first_name,last_name,job_title,department,email,address,phone_number,salary,password
Jason,Smith,"Engineer, manufacturing",Architect,charlesjoseph@example.org,Smithland,+1-867-398-2029x005,64448,20cAelzR
Dwayne,Warner,Phytotherapist,Risk analyst,april10@example.org,Kimberlystad,8044160709,81701,oOZSUv6k
Tiffany,Byrd,"Surveyor, planning and development",Museum/gallery conservator,kevin88@example.net,Mooreland,(679)736-2432,60030,tRmhLzhx
Andrea,Maddox,Network engineer,Television floor manager,robertsonmichelle@example.org,Port Virginia,3889576942,80609,CgrFxgLy
Jeremy,Branch,Lawyer,Tourist information centre manager,caseymeadows@example.net,Baxterfort,226-908-6475x957,49377,d4mpSymW
Mindy,Andrews,"Programmer, multimedia",IT trainer,bonnie96@example.net,South Danielle,509.880.0734x1132,27916,DzswFqfA
Ashley,Copeland,"Designer, graphic",Community arts worker,sheltonarthur@example.org,West Paul,(652)847-7350x77447,91270,6MqEuBXt
Alan,Le,Archivist,Ambulance person,robert93@example.org,West Katherineburgh,(256)701-2584,93456,m2FELhhT
Travis,Burgess,Product manager,"Engineer, aeronautical",chase78@example.org,New Peter,951-731-9693,42297,qvdraxVz
Sarah,Hall,"Education officer, environmental",Oncologist,drewsmith@example.net,Reeseshire,783.894.8522x49871,15729,c5dFWqnZ
Nicholas,Dunn,Medical illustrator,Community pharmacist,christine49@example.net,South Rachael,+1-212-335-5321x66160,79117,8apKZiuq
Brenda,Herman,Jewellery designer,Investment analyst,garrettjackson@example.com,West Kimberly,901.820.2084,20908,MMQ6dm35
Troy,Guzman,Chiropodist,"Psychologist, counselling",smithdavid@example.org,Stephanieberg,(902)409-0714x926,48181,eteo1XDS
Kenneth,Moon,Company secretary,"Research officer, trade union",nicholasnunez@example.net,South Andrew,(685)782-9635x037,63734,1PVwhmg6
Rachel,Ray,Fisheries officer,Control and instrumentation engineer,warnerjoshua@example.org,Blackshire,+1-719-946-0606x28136,89787,xfyjNk9Q
Thomas,Kim,"Editor, commissioning","Runner, broadcasting/film/video",stephanie00@example.com,Allisonstad,826-346-5275x3399,62091,QX3ZWrsO
James,Hoover,Structural engineer,Insurance underwriter,jessicasmith@example.com,Port Nicole,849.471.1177x263,601,msNpOOvd
Kristina,Flores,Textile designer,TEFL teacher,powellalicia@example.net,Port Stephanieview,637.933.2255x159,49716,HN3EW8JW
Grace,Clark,"Engineer, chemical","Production assistant, radio",robertarroyo@example.org,Lake Allison,472.844.4895x77992,3273,hNdNnWFB
Danielle,Smith,Learning disability nurse,Medical laboratory scientific officer,patrickjackson@example.com,Frederickborough,599.501.5376,33960,KKyqBtu0
George,Jensen,"Production designer, theatre/television/film",Insurance claims handler,jill48@example.com,Port Taylor,+1-574-319-3845x16117,87960,fffdRZmJ
Michelle,Mcclure,Dancer,Chief Technology Officer,mclark@example.net,West Kaitlynview,603.339.4901,72446,HgGlKAIe
Danielle,Davis,Insurance risk surveyor,"Surveyor, minerals",lynnclark@example.org,Catherineborough,001-201-864-7388x867,40884,6y7C6XWV
Andres,Jones,Historic buildings inspector/conservation officer,Estate agent,htorres@example.com,West Stephaniefurt,+1-605-407-0589x587,95887,CiybmbEs
Brian,Meza,"Loss adjuster, chartered","Surveyor, quantity",brian79@example.net,Kathrynshire,4823239221,92060,9woza6Fj
Daniel,Gonzalez,Actuary,"Surveyor, land/geomatics",xcunningham@example.net,Lisatown,+1-489-880-0985x547,97274,TTAVnPZj
Jack,White,Leisure centre manager,Medical laboratory scientific officer,judithmendez@example.net,Curtismouth,001-316-608-8077x798,6423,DXFEWEX1
Kathryn,Maddox,Teaching laboratory technician,"Research officer, political party",dwright@example.com,Traceyland,(828)521-5855,53999,4dkCiFiX
Randall,Duncan,"Therapist, horticultural",Clinical molecular geneticist,hannahwall@example.com,Port William,001-230-747-2407x906,41007,9gBfzcqZ
Scott,Guzman,"Buyer, industrial","Therapist, sports",rodgersmark@example.net,Elizabethhaven,548.484.8139x87528,82711,TXH5P3De
James,Torres,"Therapist, horticultural",Travel agency manager,brandy02@example.net,Port Luis,001-620-264-1588x3840,53772,I2ovbSnC
Kevin,Davis,Commercial horticulturist,Psychotherapist,athomas@example.com,New Cherylside,361-788-1352x36655,43647,xkt3nM4I
Stephanie,Fischer,Colour technologist,Call centre manager,michaelsimpson@example.org,New Sharon,201.710.8023x047,38619,KmGzxL1A
Christopher,Diaz,Electronics engineer,Data processing manager,tanner83@example.org,North Kristina,738.822.1278,38133,h7zGib8y
Joanne,May,Solicitor,Illustrator,jonesmatthew@example.net,Jacksonland,964-658-1039x55426,75704,giR7Ytuw
Sean,Wiggins,Drilling engineer,Best boy,brittany61@example.net,New Mariafort,001-594-497-1224x268,17709,Mp2B6zi1
Carlos,West,"Surveyor, planning and development",Electrical engineer,ssanchez@example.net,Yvettestad,340.214.7190,52154,lQV7ELIC
Victoria,Deleon,Statistician,Brewing technologist,vberger@example.org,Lindseyborough,710-548-7253x216,73795,rSQX2la4
Krista,Woods,Music therapist,Race relations officer,reidsteve@example.com,Andrewmouth,001-770-628-4281x088,14157,VBSEmgSd
Stephanie,Mitchell,Clinical research associate,Phytotherapist,qowens@example.org,Greeneberg,297-603-8591x566,27683,suOCmIPk
Christopher,Duarte,Child psychotherapist,Theatre manager,coreyhampton@example.com,Victoriaview,001-517-422-6623x215,55976,RJF3JGLZ
Ashley,Mitchell,"Psychologist, educational","Scientist, marine",awilliams@example.org,Shermanborough,001-949-528-0171x8382,48400,bIvaRtkx
Kimberly,Walker,Sports coach,Health and safety inspector,kenneth72@example.org,North Nicholasfort,349-393-9865x2757,48869,85HEbsuZ
Travis,Robinson,Electronics engineer,"Engineer, production",carterjeremy@example.com,Port Stevenside,(398)324-5798x743,36424,LIff6RaV
Kathryn,Stone,Government social research officer,Senior tax professional/tax inspector,jenkinsdaniel@example.com,Tonyland,799.484.0507,16595,ry7wfhhK
Mary,Montoya,Publishing copy,"Investment banker, operational",butlerheather@example.org,Port Cole,374.928.6193x403,10909,LgDaNUA3
Anthony,Lewis,Media buyer,"Administrator, local government",tiffany56@example.org,East Rebeccatown,528-837-2578x9281,66644,lzNK7ZiE
Harold,Wolfe,"Surveyor, insurance","Designer, multimedia",sheenabrown@example.org,Johnborough,474-561-5319x96725,45643,aqWUgHiH
Wesley,Little,Immigration officer,Nature conservation officer,meagan14@example.com,South James,701.999.1656x66795,42914,uJcGyYTm
Lisa,Wagner,"Surveyor, planning and development","Research officer, political party",berryanna@example.org,Lake Stephenstad,572-777-7888x8514,1796,PYgB3mSv
Vincent,Pollard,Chartered management accountant,Advertising copywriter,christina28@example.org,Stevenland,662-322-9144x991,66780,XyNv5eUo
Kyle,Buchanan,Information systems manager,"Psychologist, clinical",johngreer@example.org,Kimchester,(776)504-8777,51482,ODxfzaJH
Angel,Johnson,Broadcast engineer,Occupational hygienist,chelseaosborn@example.com,Jessicaport,001-681-748-3327x5372,26693,fNAOKlXK
Karen,Stewart,Diagnostic radiographer,"Engineer, production",destinygray@example.org,Simmonstown,348.653.7454x26988,36443,hWDY55ZI
James,Smith,Copy,Corporate investment banker,sharon91@example.org,Karenbury,390.478.3704x5548,36447,dIjVq7IJ
Barbara,Osborn,"Civil engineer, consulting","Production assistant, radio",gpowell@example.org,Smithside,001-599-310-3444,66148,MmNG8OCD
Kenneth,Blackburn,Astronomer,Human resources officer,gutierrezdana@example.net,East Daniel,001-541-368-0330x98209,82944,sruRHglQ
Thomas,Vaughn,Tourism officer,Magazine features editor,whicks@example.org,East Darleneberg,485-955-2183x0256,79899,Tmo7JngM
Scott,Green,"Engineer, aeronautical",Electronics engineer,michelle19@example.org,Jacobsshire,001-994-642-3095x70603,54976,MzRqrSmm
Carl,Hernandez,Soil scientist,Counselling psychologist,thompsondennis@example.org,Russellfort,(623)406-4479x451,94372,dgacwk4G
Lee,Le,"Psychologist, sport and exercise","Designer, graphic",lisa46@example.org,Vickiemouth,633.926.0002,29059,AeDPm15l
Katherine,Jackson,"Engineer, materials",Visual merchandiser,jacksonellen@example.org,Adamsview,+1-292-216-6744x652,28648,oZzfVvHL
Melanie,Richardson,"Engineer, materials",Editorial assistant,lsantana@example.net,Lake Denise,547-538-6753,69094,880tJ7TL
Christopher,Thomas,English as a second language teacher,Chiropractor,lucas65@example.com,South Georgehaven,6222641877,98790,HoI8lpb7
Angela,Anderson,Magazine journalist,Musician,smithrodney@example.net,Nealton,445-840-0475x0031,98639,IjoXKogL
Robert,Bright,"Therapist, sports",Corporate treasurer,padillajesse@example.com,East Carol,701-539-3062x0589,64656,eSXfF6c8
Jessica,Harmon,"Engineer, structural",Fashion designer,smithfrank@example.com,Tranport,+1-311-880-6223,6781,lQg6fotx
Lori,Pittman,"Engineer, structural",Public affairs consultant,jaguilar@example.org,Chelseaburgh,648-382-6178,93349,iYa2REBI
Jessica,Marks,Economist,Primary school teacher,dburgess@example.net,Cesarchester,+1-971-539-1295,94529,e69oDvZk
Robert,Spence,Environmental consultant,Theatre director,angela48@example.net,Allenburgh,+1-756-433-1959x160,57694,pxJnf3Ws
Michael,Baird,"Scientist, clinical (histocompatibility and immunogenetics)",Risk manager,petersonelizabeth@example.org,South Brian,369-679-2636,63549,xQ3AXGKF
Deborah,Manning,"Accountant, chartered certified","Lighting technician, broadcasting/film/video",nicholsontimothy@example.org,Homouth,990-791-9296x27881,26266,aRzBtxeS
Donna,Weaver,"Surveyor, commercial/residential",Sub,valerierogers@example.org,Port Courtneyfort,969-625-9071x677,71530,mE9HWu34
Jerry,Edwards,Jewellery designer,Product manager,katherine42@example.net,Rebeccaburgh,948.845.2244,500,MStcBcHQ
Richard,Perez,"Programmer, multimedia",Structural engineer,vrobles@example.net,North Tylerland,+1-345-704-1054,42592,w5cc24jb
Antonio,Carey,Adult guidance worker,Ecologist,anthonyschaefer@example.org,Rosefurt,001-206-702-1623x406,76424,cRjo4zUO
Samantha,Silva,Electronics engineer,Stage manager,troy00@example.com,North Walterstad,913.424.2241x58066,10811,5xAEW2M3
Benjamin,Gordon,"Administrator, Civil Service","Designer, blown glass/stained glass",johnsonjoel@example.net,New Brandon,811.737.6108x14323,9568,q2CSvErC
Laura,Thomas,"Psychotherapist, child",Emergency planning/management officer,uadams@example.com,Randychester,797.218.9925x4697,73956,QnJ7kXM9
Misty,Warren,Radiation protection practitioner,"Civil engineer, contracting",crystal16@example.org,East Jesusbury,001-941-748-4409x00409,58067,kUksCLZV
Kevin,Rodriguez,"Editor, commissioning",Fine artist,amber35@example.org,Martinezbury,(558)346-4814x915,74781,SYuF4XOT
Tyler,Scott,Associate Professor,"Loss adjuster, chartered",stephenswanson@example.com,Nealfort,001-445-234-3311x7466,96192,ObX2lJAH
Cheryl,Espinoza,Waste management officer,Event organiser,perrymichael@example.net,Johnsonport,001-623-512-9218x4653,55009,BU0eFPci
Barbara,Miller,"Scientist, marine","Teacher, music",kimrobert@example.org,Buchananport,907-384-7225x26029,1406,L9ijhfug
John,Solis,Psychiatrist,Conference centre manager,steven32@example.com,West Lynn,001-463-311-9200x0117,32527,2Ab94d4d
Matthew,King,Tourist information centre manager,Energy manager,emilyhaynes@example.net,New Kimberly,(740)362-1154,93633,gmRMIiyU
Briana,Wiggins,Office manager,Insurance broker,walkermichael@example.com,Gilbertmouth,001-905-366-8716x185,2519,zcH24mPm
Heather,Williams,Pensions consultant,"Teacher, English as a foreign language",meganflynn@example.com,Port Brandon,(399)548-7067x576,85547,VsuB7L0N
Daniel,Smith,Health physicist,"Engineer, maintenance (IT)",ryan97@example.net,New Kimberlymouth,+1-739-475-8483x05161,79303,UtGypPaK
Ronald,Rowland,"Lecturer, further education",Horticultural consultant,ywilliams@example.net,Figueroatown,(771)955-8804x0120,68519,aF9VX105
Madeline,Barrera,Advice worker,Maintenance engineer,walshkenneth@example.org,Stoneborough,001-793-430-5449x079,76393,uhBH9wnj
Daniel,Palmer,"Psychotherapist, dance movement",Land/geomatics surveyor,maryblair@example.net,Lisafurt,(568)487-4034,99570,WYQcQml1
Mackenzie,Schmidt,Glass blower/designer,"Sales professional, IT",brettwhite@example.org,Charlesmouth,001-248-670-9809x842,22612,6yFqkpZU
Erika,Coleman,Community education officer,Cytogeneticist,nicole33@example.org,North Tracy,(842)796-6074x50803,60069,b4Z7Gb2b
Kristin,Davis,Media buyer,Bookseller,michael47@example.com,Nathanielborough,+1-925-513-0269,70071,tgmhmb3U
Andres,Wilson,Probation officer,Recruitment consultant,kimberly70@example.com,Ramseyview,001-409-219-6051,61265,jby16A7R
John,Oliver,Technical author,Travel agency manager,sarah66@example.com,Port Rachelstad,(506)592-9949,18971,mDf4aOmY
Jennifer,Williams,"Designer, exhibition/display",Animal technologist,carol32@example.net,Jonathanmouth,001-874-275-5786x53973,45344,jtHPFlcn
Linda,Knight,"Designer, television/film set","Designer, fashion/clothing",millswendy@example.org,North Nicolechester,998-954-5106,68096,RnhYSpC1
Preston,Davis,Agricultural engineer,"Engineer, energy",shirleycastillo@example.com,Lake Adam,3292313236,39819,Yz3vYVX2
